run_id,rider_id,money,labor,total_order,stability,robustness,inv,utility,platform_profit,platform_fairness,platform_variety,platform_entropy,platform_utility,platform_swf,platform_involution
0,0,0,0,0,1.0,1.0,0.0,-1.9999367544467965,0,1.0,1,1.0,-1.9999367544467965,-1.9999367544467965,1.0
0,1,0,0,0,1.0,1.0,0.0,-1.9999367544467965,0,1.0,1,1.0,-1.9999367544467965,-1.9999367544467965,1.0
0,2,0,0,0,1.0,1.0,0.0,-1.9999367544467965,0,1.0,1,1.0,-1.9999367544467965,-1.9999367544467965,1.0
0,3,0,0,0,1.0,1.0,0.0,-1.9999367544467965,0,1.0,1,1.0,-1.9999367544467965,-1.9999367544467965,1.0
0,4,0,0,0,1.0,1.0,0.0,-1.9999367544467965,0,1.0,1,1.0,-1.9999367544467965,-1.9999367544467965,1.0
