metric,value
profit,34.1988813928928
fairness,0.4685722674494115
variety,1
entropy_increase,1.0
utility,36.66745366034221
