metric,value
profit,51.38742566117316
fairness,0.8819636635831698
variety,0.8649735207179272
entropy_increase,1.0
utility,439.4335808568923
swf,439.4335808568923
involution,7.231520021379601
