metric,value
profit,326.31107884119956
fairness,0.8589840747242253
variety,0.9022880663176314
entropy_increase,1.0
utility,2730.118547243296
swf,2730.118547243296
involution,43.61038537608878
