rider_id,money,labor,total_order,go_work_time,get_off_work_time,stability,robustness,inv,utility
0,61.403650526868944,579,9,8,17,70368744177664.0,0.9999999999999716,614036505268.6893,110.40638992143141
1,98.84925808325826,1064,13,8,18,70368744177664.0,0.9999999999999716,988492580832.5828,122.40175026428813
2,112.19438983969997,1122,15,7,19,1.0,1.0,1121943898396.9995,144.4478378876
3,113.48123700480984,894,15,7,19,70368744177664.0,0.9999999999999716,1134812370048.0984,146.5288173981261
4,112.31600567713429,938,15,7,19,1.0,1.0,1123160056771.3428,145.312832146541
