rider_id,money,labor,total_order,go_work_time,get_off_work_time,stability,robustness,inv,utility
0,0,0,0,8,17,1.0,1.0,0.0,-1.9999367544467965
1,0,0,0,8,18,1.0,1.0,0.0,-1.9999367544467965
2,0,0,0,7,19,1.0,1.0,0.0,-1.9999367544467965
3,0,0,0,7,19,1.0,1.0,0.0,-1.9999367544467965
4,0,0,0,7,19,1.0,1.0,0.0,-1.9999367544467965
